{
  "provisioners": [
    {
      "execute_command": "echo 'vagrant' | sudo -E -S bash '{{.Path}}'",
      "scripts": [
        "packer/vagrant.sh",
        "packer/virtualbox.sh",
        "packer/cleanup.sh"
      ],
      "type": "shell"
    }
  ],
  "builders": [
    {
      "name": "amd64-virtualbox",
      "type": "virtualbox-iso",
      "guest_os_type": "Ubuntu_64",
      "guest_additions_mode": "attach",
      "headless": false,
      "http_directory": "http",
      "iso_urls": [
        "iso/ubuntu-16.04.1-server-amd64.iso",
        "http://releases.ubuntu.com/16.04/ubuntu-16.04.1-server-amd64.iso"
      ],
      "iso_checksum_type": "sha256",
      "iso_checksum": "29a8b9009509b39d542ecb229787cdf48f05e739a932289de9e9858d7c487c80",
      "vboxmanage": [
        ["modifyvm", "{{.Name}}", "--memory", "4096"],
        ["modifyvm", "{{.Name}}", "--cpus", "2"],
        ["modifyvm", "{{.Name}}", "--vram", "32"],
        ["modifyvm", "{{.Name}}", "--accelerate3d", "on"],
        ["modifyvm", "{{.Name}}", "--accelerate2dvideo", "on"]
      ],
      "disk_size": 204800,
      "ssh_username": "vagrant",
      "ssh_password": "vagrant",
      "ssh_wait_timeout": "60m",
      "boot_wait": "5s",
      "boot_command": [
        "<enter><wait><f6><esc><bs><bs><bs><bs><bs><bs><bs><bs><bs><bs><bs><bs><bs><bs><bs><bs><bs>",
        "<bs><bs><bs><bs><bs><bs><bs><bs><bs><bs><bs><bs><bs><bs><bs><bs><bs><bs><bs><bs><bs><bs>",
        "<bs><bs><bs><bs><bs><bs><bs><bs><bs><bs><bs><bs><bs><bs><bs><bs><bs><bs><bs><bs><bs><bs>",
        "<bs><bs><bs><bs><bs><bs><bs><bs><bs><bs><bs><bs><bs><bs><bs><bs><bs><bs><bs><bs><bs><bs>",
        "/install/vmlinuz<wait>",
        " auto<wait>",
        " console-setup/ask_detect=false<wait>",
        " console-setup/layoutcode=gb<wait>",
        " console-setup/modelcode=pc105<wait>",
        " debconf/frontend=noninteractive<wait>",
        " debian-installer=en_GB<wait>",
        " fb=false<wait>",
        " initrd=/install/initrd.gz<wait>",
        " kbd-chooser/method=uk<wait>",
        " keyboard-configuration/layout=GB<wait>",
        " keyboard-configuration/variant=GB<wait>",
        " locale=en_GB<wait>",
        " netcfg/get_domain=vm<wait>",
        " netcfg/get_hostname=vagrant<wait>",
        " noapic<wait>",
        " preseed/url=http://{{ .HTTPIP }}:{{ .HTTPPort }}/preseed.cfg",
        " -- <wait>",
        "<enter><wait>"
      ],
      "shutdown_command": "echo vagrant | sudo -S poweroff"
    }
  ],

  "post-processors": [
    {
      "type": "vagrant",
      "output": "builds/ubuntu-16.04-{{.BuildName}}.box"
    }
  ]
}
       # " grub-installer/bootdev=/dev/sda<wait>",
